{
  "project_info": {
    "project_number": "705881148050",
    "project_id": "proyectoacelgas-24893",
    "storage_bucket": "proyectoacelgas-24893.appspot.com"
  },
  "client": [
    {
      "client_info": {
        "mobilesdk_app_id": "1:705881148050:android:3de0a8d1c4a0a48478344b",
        "android_client_info": {
          "package_name": "com.adgonu.myapplication"
        }
      },
      "oauth_client": [
        {
          "client_id": "705881148050-acmql2mup6vgisoomru1njpn11u9vjuj.apps.googleusercontent.com",
          "client_type": 1,
          "android_info": {
            "package_name": "com.adgonu.myapplication",
            "certificate_hash": "7f163d1229444df3181ee4704c972e02f6558486"
          }
        },
        {
          "client_id": "705881148050-i14g9t5tks3mqukutajc16jsd5trinra.apps.googleusercontent.com",
          "client_type": 3
        }
      ],
      "api_key": [
        {
          "current_key": "AIzaSyAakUYQHgCv6GJTcDe_jbZMzkXdPjsZsks"
        }
      ],
      "services": {
        "appinvite_service": {
          "other_platform_oauth_client": [
            {
              "client_id": "705881148050-i14g9t5tks3mqukutajc16jsd5trinra.apps.googleusercontent.com",
              "client_type": 3
            }
          ]
        }
      }
    }
  ],
  "configuration_version": "1"
}